"Fecha","Último","Apertura","Máximo","Mínimo","Vol.","% var."
"30.10.2024","6.550,32","6.672,61","6.680,98","6.550,08","","-1,83%"
"29.10.2024","6.672,61","6.735,46","6.752,67","6.660,71","","-0,93%"
"28.10.2024","6.735,46","6.754,69","6.780,84","6.731,71","","-0,28%"
"25.10.2024","6.754,69","6.725,80","6.776,85","6.723,41","","0,43%"
"24.10.2024","6.725,80","6.686,98","6.741,62","6.686,98","","0,58%"
"23.10.2024","6.686,98","6.674,66","6.722,26","6.666,83","","0,18%"
"22.10.2024","6.674,66","6.671,07","6.689,11","6.664,45","","0,05%"
"21.10.2024","6.671,07","6.643,52","6.671,10","6.625,27","","0,41%"
"18.10.2024","6.643,52","6.571,59","6.649,46","6.571,59","","1,09%"
"17.10.2024","6.571,59","6.542,64","6.582,29","6.526,79","","0,44%"
"16.10.2024","6.542,64","6.558,98","6.596,61","6.540,45","","-0,25%"
"15.10.2024","6.558,98","6.572,00","6.572,00","6.521,65","","-0,20%"
"14.10.2024","6.572,00","6.572,95","6.573,24","6.525,44","","-0,01%"
"11.10.2024","6.572,95","6.578,77","6.578,77","6.543,71","","-0,09%"
"10.10.2024","6.578,77","6.541,29","6.578,77","6.525,93","","0,57%"
"09.10.2024","6.541,29","6.492,75","6.547,71","6.492,75","","0,75%"
"08.10.2024","6.492,75","6.475,15","6.506,83","6.433,05","","0,27%"
"07.10.2024","6.475,15","6.480,93","6.519,74","6.436,97","","-0,09%"
"04.10.2024","6.480,93","6.389,82","6.480,93","6.389,82","","1,43%"
"03.10.2024","6.389,82","6.392,09","6.398,11","6.336,11","","-0,04%"
"02.10.2024","6.392,09","6.448,86","6.462,28","6.391,80","","-0,88%"
"01.10.2024","6.448,86","6.490,57","6.496,94","6.417,82","","-0,64%"
"30.09.2024","6.490,57","6.530,73","6.548,79","6.480,44","","-0,61%"
"27.09.2024","6.530,73","6.529,98","6.583,78","6.529,98","","0,01%"
"26.09.2024","6.529,98","6.440,87","6.529,98","6.440,87","","1,38%"
"25.09.2024","6.440,87","6.449,90","6.468,91","6.415,09","","-0,14%"
"24.09.2024","6.449,90","6.374,35","6.456,54","6.374,35","","1,19%"
"23.09.2024","6.374,35","6.333,16","6.374,35","6.309,27","","0,80%"
"17.09.2024","6.323,95","6.351,31","6.364,11","6.319,91","","-0,36%"
"16.09.2024","6.346,81","6.351,31","6.359,64","6.319,91","","-0,07%"
"13.09.2024","6.351,31","6.343,16","6.373,65","6.326,26","","0,13%"
"12.09.2024","6.343,16","6.301,58","6.347,51","6.297,55","","0,66%"
"11.09.2024","6.301,88","6.214,86","6.319,81","6.214,86","","1,40%"
"10.09.2024","6.214,95","6.232,11","6.268,77","6.205,15","","-0,28%"
"09.09.2024","6.232,58","6.245,42","6.297,47","6.229,79","","-0,17%"
"06.09.2024","6.242,96","6.361,59","6.361,59","6.242,96","","-1,86%"
"05.09.2024","6.361,09","6.389,05","6.403,82","6.346,16","","-0,44%"
"04.09.2024","6.388,90","6.387,18","6.437,02","6.385,94","","0,04%"
"03.09.2024","6.386,58","6.456,25","6.456,73","6.375,33","","-1,10%"
"02.09.2024","6.457,74","6.459,96","6.471,05","6.437,93","","-0,03%"
"30.08.2024","6.459,96","6.448,28","6.486,18","6.429,19","","0,18%"
"29.08.2024","6.448,28","6.385,52","6.461,22","6.385,52","","0,98%"
"28.08.2024","6.385,52","6.379,46","6.411,04","6.364,69","","0,09%"
"27.08.2024","6.379,46","6.442,19","6.448,73","6.379,46","","-0,97%"
"26.08.2024","6.442,19","6.463,24","6.497,22","6.434,08","","-0,33%"
"23.08.2024","6.463,24","6.476,39","6.510,10","6.461,66","","-0,20%"
"22.08.2024","6.476,39","6.495,43","6.504,54","6.434,67","","-0,29%"
"21.08.2024","6.495,43","6.491,04","6.525,48","6.461,36","","0,07%"
"20.08.2024","6.491,04","6.458,78","6.510,85","6.458,38","","0,50%"
"19.08.2024","6.458,78","6.457,74","6.484,15","6.437,80","","0,22%"
"16.08.2024","6.444,38","6.405,12","6.475,02","6.404,31","","0,61%"
"14.08.2024","6.405,12","6.369,74","6.405,96","6.294,94","","0,56%"
"13.08.2024","6.369,74","6.326,05","6.374,86","6.326,05","","0,69%"
"12.08.2024","6.326,05","6.320,96","6.351,84","6.317,65","","0,08%"
"09.08.2024","6.320,96","6.293,62","6.341,62","6.293,62","","0,43%"
"08.08.2024","6.293,62","6.192,69","6.295,34","6.184,09","","1,63%"
"07.08.2024","6.192,69","6.178,55","6.263,88","6.174,68","","0,23%"
"06.08.2024","6.178,55","6.098,87","6.192,33","6.098,87","","1,31%"
"05.08.2024","6.098,87","6.315,46","6.315,46","6.082,02","","-3,43%"
"02.08.2024","6.315,46","6.418,15","6.418,15","6.290,44","","-1,60%"
"01.08.2024","6.418,15","6.440,56","6.453,68","6.379,61","","-0,35%"
"31.07.2024","6.440,56","6.466,13","6.502,40","6.440,56","","-0,40%"
"30.07.2024","6.466,13","6.486,19","6.494,73","6.466,13","","-0,31%"
"29.07.2024","6.486,19","6.432,16","6.487,34","6.421,67","","0,84%"
"26.07.2024","6.432,16","6.441,01","6.486,73","6.432,16","","-0,14%"
"25.07.2024","6.441,01","6.513,85","6.513,85","6.441,01","","-1,12%"
"24.07.2024","6.513,85","6.551,36","6.559,41","6.506,42","","-0,57%"
"23.07.2024","6.551,36","6.600,64","6.603,95","6.551,36","","-0,75%"
"22.07.2024","6.600,64","6.558,68","6.605,30","6.558,68","","0,64%"
"19.07.2024","6.558,68","6.576,70","6.588,96","6.547,73","","-0,27%"
"18.07.2024","6.576,70","6.568,77","6.616,84","6.553,09","","0,12%"
"17.07.2024","6.568,77","6.566,38","6.597,30","6.521,34","","0,04%"
"15.07.2024","6.566,38","6.550,01","6.588,90","6.531,73","","0,25%"
"12.07.2024","6.550,01","6.544,62","6.552,63","6.503,61","","0,08%"
"11.07.2024","6.544,62","6.467,17","6.544,62","6.467,17","","1,20%"
"10.07.2024","6.467,17","6.470,13","6.496,04","6.453,02","","-0,05%"
"09.07.2024","6.470,13","6.520,93","6.520,93","6.470,13","","-0,78%"
"08.07.2024","6.520,93","6.483,67","6.522,01","6.473,39","","0,57%"
"05.07.2024","6.483,67","6.532,51","6.532,51","6.467,63","","-0,75%"
"04.07.2024","6.532,51","6.533,69","6.552,68","6.509,96","","-0,02%"
"03.07.2024","6.533,69","6.385,39","6.534,61","6.385,39","","2,32%"
"02.07.2024","6.385,39","6.406,94","6.414,70","6.342,90","","-0,34%"
"01.07.2024","6.406,94","6.413,88","6.465,55","6.379,68","","-0,11%"
"28.06.2024","6.413,88","6.504,53","6.504,53","6.413,81","","-1,39%"
"27.06.2024","6.504,53","6.512,13","6.512,13","6.477,37","","-0,12%"
"26.06.2024","6.512,13","6.412,01","6.554,56","6.412,01","","1,56%"
"25.06.2024","6.412,01","6.491,50","6.515,27","6.410,17","","-1,22%"
"24.06.2024","6.491,50","6.488,75","6.498,64","6.453,97","","0,04%"
"21.06.2024","6.488,75","6.589,32","6.589,32","6.485,70","","-1,53%"
"19.06.2024","6.589,32","6.542,55","6.590,75","6.541,20","","0,71%"
"18.06.2024","6.542,55","6.506,51","6.557,51","6.506,51","","0,55%"
"17.06.2024","6.506,51","6.518,11","6.529,20","6.484,54","","-0,18%"
"14.06.2024","6.518,12","6.486,36","6.518,12","6.453,30","","0,49%"
"13.06.2024","6.486,36","6.535,26","6.552,63","6.486,36","","-0,75%"
"12.06.2024","6.535,26","6.541,45","6.586,35","6.519,88","","-0,09%"
"11.06.2024","6.541,45","6.622,04","6.622,04","6.540,65","","-1,22%"
"10.06.2024","6.622,04","6.637,66","6.670,43","6.621,66","","-0,24%"
"07.06.2024","6.637,66","6.688,12","6.701,81","6.629,02","","-0,75%"
"06.06.2024","6.688,12","6.655,87","6.688,65","6.648,86","","0,48%"
"05.06.2024","6.655,87","6.597,70","6.681,04","6.597,70","","0,88%"
"04.06.2024","6.597,70","6.614,36","6.623,67","6.578,26","","-0,25%"
"03.06.2024","6.614,36","6.632,80","6.650,92","6.590,51","","-0,28%"
"31.05.2024","6.632,80","6.639,13","6.675,91","6.593,70","","-0,10%"
"30.05.2024","6.639,13","6.681,68","6.706,44","6.630,66","","-0,64%"
"29.05.2024","6.681,68","6.759,04","6.764,31","6.681,68","","-1,37%"
"28.05.2024","6.774,61","6.810,91","6.838,39","6.774,61","","-0,53%"
"27.05.2024","6.810,91","6.775,88","6.826,19","6.775,88","","0,52%"
"24.05.2024","6.775,88","6.781,88","6.815,18","6.766,87","","-0,09%"
"23.05.2024","6.781,88","6.737,61","6.794,66","6.737,61","","0,66%"
"22.05.2024","6.737,61","6.710,41","6.744,86","6.687,60","","0,41%"
"20.05.2024","6.710,41","6.658,98","6.717,48","6.658,98","","0,77%"
"17.05.2024","6.658,98","6.651,46","6.678,52","6.644,85","","0,11%"
"16.05.2024","6.651,46","6.683,74","6.688,24","6.651,46","","-0,90%"
"15.05.2024","6.711,70","6.728,41","6.757,07","6.711,31","","-0,25%"
"14.05.2024","6.728,41","6.695,26","6.740,34","6.670,30","","0,50%"
"13.05.2024","6.695,26","6.640,32","6.697,14","6.640,32","","0,83%"
"10.05.2024","6.640,32","6.629,90","6.648,15","6.599,40","","0,16%"
"09.05.2024","6.629,90","6.644,43","6.687,94","6.629,39","","-0,22%"
"08.05.2024","6.644,43","6.600,83","6.644,96","6.576,01","","0,66%"
"07.05.2024","6.600,83","6.496,72","6.602,23","6.496,01","","1,60%"
"06.05.2024","6.496,72","6.559,05","6.596,66","6.494,06","","-0,95%"
"03.05.2024","6.559,05","6.497,82","6.570,92","6.497,82","","0,94%"
"02.05.2024","6.497,82","6.511,93","6.542,89","6.492,18","","-0,22%"
"30.04.2024","6.511,90","6.550,39","6.551,64","6.491,57","","-0,59%"
"29.04.2024","6.550,39","6.393,15","6.551,33","6.393,15","","2,44%"
"26.04.2024","6.394,20","6.311,56","6.394,20","6.311,56","","1,31%"
"25.04.2024","6.311,56","6.363,48","6.377,71","6.310,07","","-0,82%"
"24.04.2024","6.363,48","6.467,81","6.473,63","6.363,48","","-1,61%"
"23.04.2024","6.467,81","6.374,35","6.478,92","6.368,14","","1,71%"
"22.04.2024","6.359,10","6.365,09","6.375,57","6.330,76","","-0,09%"
"19.04.2024","6.365,09","6.451,30","6.469,67","6.365,09","","-1,34%"
"18.04.2024","6.451,30","6.455,59","6.473,61","6.432,52","","-0,07%"
"17.04.2024","6.455,59","6.430,61","6.474,91","6.384,88","","0,39%"
"16.04.2024","6.430,61","6.479,67","6.479,67","6.405,64","","-0,76%"
"15.04.2024","6.479,79","6.564,10","6.611,67","6.463,43","","-1,28%"
"12.04.2024","6.564,10","6.726,52","6.729,68","6.544,01","","-2,41%"
"11.04.2024","6.726,52","6.688,02","6.730,75","6.680,32","","0,58%"
"10.04.2024","6.688,02","6.668,55","6.703,74","6.640,69","","0,29%"
"09.04.2024","6.668,55","6.603,31","6.670,35","6.602,85","","0,99%"
"08.04.2024","6.603,31","6.512,36","6.606,16","6.512,36","","1,40%"
"05.04.2024","6.512,36","6.588,75","6.590,24","6.511,10","","-1,16%"
"04.04.2024","6.588,75","6.616,76","6.667,90","6.588,75","","-0,42%"
"03.04.2024","6.616,76","6.634,20","6.642,13","6.600,22","","-0,26%"
"02.04.2024","6.634,20","6.637,91","6.649,37","6.589,99","","-0,06%"
"01.04.2024","6.637,91","6.643,76","6.705,61","6.614,54","","-0,14%"
"28.03.2024","6.647,40","6.597,94","6.681,12","6.597,94","","0,75%"
"27.03.2024","6.597,94","6.520,39","6.604,60","6.507,66","","1,19%"
"26.03.2024","6.520,39","6.494,29","6.560,43","6.493,12","","0,40%"
"25.03.2024","6.494,29","6.516,37","6.572,31","6.462,76","","-0,34%"
"22.03.2024","6.516,37","6.485,92","6.534,28","6.472,19","","0,47%"
"21.03.2024","6.485,92","6.501,27","6.585,43","6.485,02","","-0,24%"
"20.03.2024","6.501,27","6.416,89","6.501,27","6.416,89","","1,31%"
"19.03.2024","6.416,89","6.454,41","6.454,42","6.416,61","","-0,58%"
"18.03.2024","6.454,41","6.463,76","6.518,02","6.449,10","","-0,14%"
"15.03.2024","6.463,76","6.460,71","6.491,82","6.447,79","","0,05%"
"14.03.2024","6.460,71","6.491,11","6.498,30","6.424,96","","-0,47%"
"13.03.2024","6.491,11","6.502,18","6.523,91","6.484,38","","-0,17%"
"12.03.2024","6.502,18","6.416,46","6.502,18","6.415,25","","1,34%"
"11.03.2024","6.416,46","6.337,61","6.417,27","6.331,68","","1,24%"
"08.03.2024","6.337,61","6.357,56","6.384,43","6.337,61","","-0,31%"
"07.03.2024","6.357,56","6.348,02","6.382,59","6.330,43","","0,15%"
"06.03.2024","6.348,02","6.258,86","6.388,41","6.258,86","","1,42%"
"05.03.2024","6.258,86","6.340,77","6.340,77","6.238,07","","-1,29%"
"04.03.2024","6.340,77","6.481,25","6.512,17","6.339,45","","-2,17%"
"01.03.2024","6.481,25","6.449,88","6.499,38","6.449,88","","0,49%"
"29.02.2024","6.449,88","6.344,44","6.472,80","6.344,44","","1,66%"
"28.02.2024","6.344,44","6.322,20","6.382,05","6.322,20","","0,35%"
"27.02.2024","6.322,20","6.208,29","6.322,20","6.208,29","","1,83%"
"26.02.2024","6.208,29","6.189,56","6.229,29","6.183,78","","0,30%"
"23.02.2024","6.189,56","6.237,63","6.253,48","6.188,91","","-0,77%"
"22.02.2024","6.237,63","6.251,42","6.307,77","6.216,56","","-0,22%"
"21.02.2024","6.251,42","6.349,00","6.350,63","6.251,42","","-1,54%"
"20.02.2024","6.349,00","6.382,51","6.404,62","6.306,75","","-0,53%"
"19.02.2024","6.382,51","6.336,81","6.384,46","6.302,56","","0,72%"
"16.02.2024","6.336,81","6.188,40","6.336,81","6.188,40","","2,40%"
"15.02.2024","6.188,40","6.083,37","6.194,54","6.081,67","","1,73%"
"14.02.2024","6.083,37","6.024,12","6.085,23","6.024,12","","0,98%"
"13.02.2024","6.024,12","6.100,93","6.115,97","6.014,13","","-1,26%"
"12.02.2024","6.100,93","6.032,61","6.107,98","6.032,61","","1,13%"
"09.02.2024","6.032,61","6.001,20","6.036,58","6.001,20","","0,52%"
"08.02.2024","6.001,20","6.010,29","6.016,53","5.978,65","","-0,15%"
"07.02.2024","6.010,29","6.005,19","6.026,54","5.995,95","","0,08%"
"06.02.2024","6.005,19","6.005,28","6.033,49","5.983,95","","0,00%"
"05.02.2024","6.005,28","5.994,60","6.015,37","5.956,07","","0,18%"
"02.02.2024","5.994,60","6.051,42","6.060,48","5.972,18","","-0,94%"
"01.02.2024","6.051,42","5.987,14","6.067,05","5.981,84","","1,07%"
"31.01.2024","5.987,14","5.970,63","6.004,00","5.961,59","","0,28%"
"30.01.2024","5.970,63","6.064,57","6.069,41","5.970,04","","-1,55%"
"29.01.2024","6.064,57","6.058,58","6.090,37","6.042,18","","0,10%"
"26.01.2024","6.058,58","5.987,47","6.074,46","5.987,46","","1,19%"
"25.01.2024","5.987,47","6.057,80","6.065,26","5.980,97","","-1,16%"
"24.01.2024","6.057,80","5.964,58","6.063,57","5.964,58","","1,56%"
"23.01.2024","5.964,58","5.921,04","5.985,63","5.921,04","","0,74%"
"22.01.2024","5.921,04","5.844,56","5.926,09","5.832,13","","1,31%"
"19.01.2024","5.844,56","5.867,72","5.894,31","5.822,66","","-0,39%"
"18.01.2024","5.867,72","5.901,72","5.949,07","5.867,57","","-0,58%"
"17.01.2024","5.901,72","5.970,45","5.973,51","5.901,72","","-1,15%"
"16.01.2024","5.970,45","5.995,96","6.014,25","5.968,85","","-0,43%"
"15.01.2024","5.995,96","5.968,61","5.997,60","5.932,53","","0,46%"
"12.01.2024","5.968,61","6.029,02","6.043,58","5.968,61","","-1,00%"
"11.01.2024","6.029,02","6.056,06","6.065,28","6.005,14","","-0,45%"
"10.01.2024","6.056,06","6.107,72","6.107,72","6.049,72","","-0,85%"
"09.01.2024","6.107,72","6.056,32","6.107,86","6.047,99","","0,85%"
"08.01.2024","6.056,32","6.047,64","6.079,56","6.040,51","","0,14%"
"05.01.2024","6.047,64","6.076,18","6.091,74","5.989,57","","-0,47%"
"04.01.2024","6.076,18","6.139,45","6.171,50","6.058,16","","-1,03%"
"03.01.2024","6.139,45","6.210,59","6.210,59","6.109,56","","-1,15%"
"02.01.2024","6.210,59","6.197,77","6.210,59","6.152,58","","0,21%"
"29.12.2023","6.197,77","6.249,47","6.289,65","6.180,56","","-0,83%"
"28.12.2023","6.249,47","6.201,66","6.294,18","6.201,66","","0,77%"
"27.12.2023","6.201,66","6.218,05","6.233,56","6.190,56","","-0,26%"
"26.12.2023","6.218,05","6.153,66","6.233,79","6.153,66","","1,05%"
"22.12.2023","6.153,66","6.107,78","6.156,38","6.100,05","","0,75%"
"21.12.2023","6.107,78","6.073,86","6.109,70","6.044,88","","0,56%"
"20.12.2023","6.073,86","6.060,44","6.095,89","6.057,56","","0,22%"
"19.12.2023","6.060,44","6.051,52","6.099,06","6.037,83","","0,15%"
"18.12.2023","6.051,52","6.138,10","6.191,67","6.051,46","","-1,41%"
"15.12.2023","6.138,10","6.146,59","6.207,37","6.135,08","","-0,14%"
"14.12.2023","6.146,59","6.020,41","6.150,83","6.020,41","","2,10%"
"13.12.2023","6.020,41","5.913,50","6.030,57","5.905,45","","1,81%"
"12.12.2023","5.913,50","5.884,78","5.915,56","5.866,83","","0,49%"
"11.12.2023","5.884,78","5.970,81","5.993,80","5.843,78","","-1,44%"
"07.12.2023","5.970,81","5.920,01","5.971,46","5.910,72","","0,86%"
"06.12.2023","5.920,01","5.905,31","5.943,32","5.898,47","","0,25%"
"05.12.2023","5.905,31","5.823,36","5.905,31","5.807,74","","1,41%"
"04.12.2023","5.823,36","5.886,71","5.888,30","5.823,36","","-1,08%"
"01.12.2023","5.886,71","5.818,51","5.889,28","5.788,56","","1,17%"
"30.11.2023","5.818,51","5.792,78","5.834,68","5.760,23","","0,44%"
"29.11.2023","5.792,78","5.776,56","5.809,98","5.773,34","","0,28%"
"28.11.2023","5.776,56","5.757,42","5.783,63","5.743,32","","0,33%"
"27.11.2023","5.757,42","5.776,74","5.776,74","5.735,09","","-0,33%"
"24.11.2023","5.776,74","5.807,19","5.820,47","5.774,93","","-0,52%"
"23.11.2023","5.807,19","5.800,57","5.816,96","5.770,95","","0,11%"
"22.11.2023","5.800,57","5.790,24","5.806,17","5.770,13","","0,18%"
"21.11.2023","5.790,24","5.841,76","5.842,33","5.776,07","","-0,88%"
"20.11.2023","5.841,76","5.771,10","5.844,21","5.771,10","","1,22%"
"17.11.2023","5.771,10","5.729,71","5.778,80","5.720,95","","0,72%"
"16.11.2023","5.729,71","5.775,38","5.775,88","5.688,68","","-0,79%"
"15.11.2023","5.775,38","5.712,10","5.783,79","5.712,10","","1,11%"
"14.11.2023","5.712,10","5.726,94","5.737,65","5.681,24","","-0,26%"
"13.11.2023","5.726,94","5.618,68","5.726,94","5.607,69","","1,93%"
"10.11.2023","5.618,68","5.630,63","5.647,69","5.609,40","","-0,21%"
"09.11.2023","5.630,63","5.647,95","5.695,36","5.618,67","","-0,31%"
"08.11.2023","5.647,95","5.650,77","5.688,36","5.641,77","","-0,05%"
"07.11.2023","5.650,77","5.575,48","5.656,72","5.569,92","","1,35%"
"06.11.2023","5.575,48","5.620,57","5.661,92","5.559,23","","-0,80%"
"03.11.2023","5.620,57","5.460,65","5.620,71","5.448,88","","2,93%"
"02.11.2023","5.460,65","5.407,50","5.466,83","5.363,16","","0,98%"
"31.10.2023","5.407,50","5.433,36","5.464,82","5.369,95","","-0,48%"
"30.10.2023","5.433,36","5.568,35","5.568,35","5.429,68","","-2,42%"
"26.10.2023","5.568,35","5.515,62","5.594,08","5.503,09","","0,96%"
"25.10.2023","5.515,62","5.557,62","5.575,57","5.489,83","","-0,76%"
"24.10.2023","5.557,62","5.503,33","5.574,47","5.503,33","","0,99%"
"23.10.2023","5.503,33","5.631,33","5.633,35","5.503,33","","-2,27%"
"20.10.2023","5.631,33","5.713,44","5.713,71","5.615,06","","-1,44%"
"19.10.2023","5.713,44","5.796,44","5.796,44","5.712,80","","-1,43%"
"18.10.2023","5.796,44","5.890,74","5.890,74","5.779,70","","-1,60%"
"17.10.2023","5.890,74","5.853,21","5.916,01","5.831,45","","0,64%"
"16.10.2023","5.853,21","5.777,75","5.867,12","5.760,72","","1,31%"
"13.10.2023","5.777,75","5.800,22","5.842,07","5.767,75","","-0,39%"
"12.10.2023","5.800,22","5.780,96","5.846,57","5.780,96","","0,33%"
"11.10.2023","5.780,96","5.781,40","5.838,18","5.767,03","","-0,01%"
"10.10.2023","5.781,40","5.659,29","5.781,92","5.647,30","","2,16%"
"06.10.2023","5.659,29","5.615,83","5.669,38","5.562,47","","0,77%"
"05.10.2023","5.615,83","5.699,33","5.728,72","5.615,83","","-1,47%"
"04.10.2023","5.699,33","5.685,84","5.726,53","5.668,99","","0,24%"
"03.10.2023","5.685,84","5.755,64","5.756,85","5.685,07","","-1,21%"
"02.10.2023","5.755,64","5.833,36","5.853,19","5.748,11","","-1,33%"
"29.09.2023","5.833,36","5.824,68","5.868,68","5.818,68","","0,15%"
"28.09.2023","5.824,68","5.762,70","5.837,24","5.762,60","","1,08%"
"27.09.2023","5.762,70","5.762,58","5.787,43","5.734,70","","0,00%"
"26.09.2023","5.762,58","5.785,84","5.807,55","5.756,01","","-0,40%"
"25.09.2023","5.785,84","5.831,95","5.852,66","5.775,40","","-0,79%"
"22.09.2023","5.831,95","5.857,72","5.888,57","5.823,28","","-0,44%"
"21.09.2023","5.857,72","5.932,83","5.935,57","5.856,36","","-1,27%"
"20.09.2023","5.932,83","6.002,67","6.002,67","5.932,83","","-1,16%"
"15.09.2023","6.002,67","6.002,07","6.058,88","6.002,07","","0,01%"
"14.09.2023","6.002,07","5.915,52","6.002,07","5.915,52","","1,46%"
"13.09.2023","5.915,52","5.886,42","5.949,22","5.880,14","","0,49%"
"12.09.2023","5.886,42","5.879,15","5.909,28","5.879,15","","0,12%"
"11.09.2023","5.879,15","5.868,85","5.893,87","5.865,64","","0,18%"
"08.09.2023","5.868,85","5.885,52","5.904,46","5.868,47","","-0,28%"
"07.09.2023","5.885,52","5.905,74","5.932,43","5.870,03","","-0,34%"
"06.09.2023","5.905,74","5.927,93","5.937,37","5.899,31","","-0,37%"
"05.09.2023","5.927,93","5.990,24","6.001,45","5.924,51","","-1,04%"
"04.09.2023","5.990,24","5.996,36","6.020,26","5.976,23","","-0,10%"
"01.09.2023","5.996,36","6.009,28","6.057,69","5.985,69","","-0,21%"
"31.08.2023","6.009,28","6.028,19","6.049,00","6.009,28","","-0,31%"
"30.08.2023","6.028,19","6.059,65","6.062,77","6.028,19","","-0,52%"
"29.08.2023","6.059,65","6.030,15","6.059,65","6.016,14","","0,49%"
"28.08.2023","6.030,15","6.046,62","6.081,31","6.025,25","","-0,27%"
"25.08.2023","6.046,62","6.067,74","6.081,80","6.030,83","","-0,35%"
"24.08.2023","6.067,74","6.189,92","6.207,94","6.066,71","","-1,97%"
"23.08.2023","6.189,92","6.158,74","6.232,21","6.141,79","","0,51%"
"22.08.2023","6.158,74","6.122,92","6.165,66","6.119,96","","0,59%"
"21.08.2023","6.122,92","6.133,26","6.167,19","6.095,34","","-0,17%"
"18.08.2023","6.133,26","6.131,50","6.133,36","6.040,46","","0,03%"
"17.08.2023","6.131,50","6.213,18","6.213,18","6.129,35","","-1,31%"
"16.08.2023","6.213,18","6.216,27","6.216,27","6.162,69","","-0,05%"
"14.08.2023","6.216,27","6.257,44","6.257,44","6.201,44","","-0,66%"
"11.08.2023","6.257,44","6.290,34","6.290,34","6.249,11","","-0,52%"
"10.08.2023","6.290,34","6.341,36","6.357,20","6.279,50","","-0,80%"
"09.08.2023","6.341,36","6.241,32","6.342,02","6.241,32","","1,60%"
"08.08.2023","6.241,32","6.318,35","6.320,16","6.240,43","","-1,22%"
"07.08.2023","6.318,35","6.292,64","6.318,78","6.273,33","","0,41%"
"04.08.2023","6.292,64","6.272,29","6.341,08","6.272,29","","0,32%"
"03.08.2023","6.272,29","6.332,10","6.360,26","6.272,29","","-0,94%"
"02.08.2023","6.332,10","6.432,76","6.432,76","6.318,27","","-1,56%"
"01.08.2023","6.432,76","6.394,40","6.432,76","6.387,26","","0,60%"
"31.07.2023","6.394,40","6.339,04","6.430,87","6.339,04","","0,87%"
"28.07.2023","6.339,04","6.318,63","6.374,06","6.316,09","","0,32%"
"27.07.2023","6.318,63","6.379,42","6.389,96","6.316,48","","-0,95%"
"26.07.2023","6.379,42","6.411,43","6.411,43","6.369,65","","-0,50%"
"25.07.2023","6.411,38","6.351,09","6.449,20","6.351,09","","0,95%"
"24.07.2023","6.351,09","6.300,91","6.374,83","6.266,71","","0,80%"
"21.07.2023","6.300,91","6.322,92","6.322,92","6.281,45","","-0,35%"
"20.07.2023","6.322,92","6.320,48","6.324,43","6.251,77","","0,04%"
"19.07.2023","6.320,48","6.286,50","6.320,61","6.243,83","","0,54%"
"18.07.2023","6.286,50","6.197,19","6.286,50","6.178,46","","1,44%"
"17.07.2023","6.197,19","6.130,68","6.197,83","6.105,28","","1,08%"
"14.07.2023","6.130,68","6.061,93","6.130,68","6.054,72","","1,13%"
"13.07.2023","6.061,93","6.078,57","6.112,80","6.058,16","","-0,27%"
"12.07.2023","6.078,57","5.995,47","6.078,57","5.995,47","","1,39%"
"11.07.2023","5.995,47","5.951,95","5.999,48","5.951,95","","0,73%"
"10.07.2023","5.951,95","5.942,20","5.974,07","5.930,46","","0,16%"
"07.07.2023","5.942,20","5.792,17","5.942,20","5.792,17","","2,59%"
"06.07.2023","5.792,17","5.835,13","5.836,09","5.770,61","","-0,74%"
"05.07.2023","5.835,13","5.894,34","5.894,34","5.834,82","","-1,00%"
"04.07.2023","5.894,34","5.853,80","5.903,32","5.852,88","","0,69%"
"03.07.2023","5.853,80","5.786,80","5.854,56","5.786,80","","1,16%"
"30.06.2023","5.786,80","5.728,31","5.787,65","5.728,31","","1,02%"
"29.06.2023","5.728,31","5.656,99","5.729,22","5.656,99","","1,26%"
"28.06.2023","5.656,99","5.658,86","5.723,05","5.620,44","","-0,03%"
"27.06.2023","5.658,86","5.679,56","5.722,24","5.658,86","","-0,36%"
"23.06.2023","5.679,56","5.763,30","5.763,30","5.679,56","","-1,45%"
"22.06.2023","5.763,30","5.783,11","5.783,67","5.738,20","","-0,34%"
"20.06.2023","5.783,11","5.754,24","5.783,33","5.700,67","","0,50%"
"19.06.2023","5.754,24","5.739,90","5.755,93","5.735,00","","0,25%"
"16.06.2023","5.739,90","5.741,71","5.758,83","5.736,88","","-0,03%"
"15.06.2023","5.741,71","5.716,29","5.746,82","5.710,60","","0,44%"
"14.06.2023","5.716,29","5.712,24","5.723,56","5.696,24","","0,07%"
"13.06.2023","5.712,24","5.693,17","5.725,35","5.693,17","","0,34%"
"12.06.2023","5.693,16","5.690,94","5.711,28","5.675,87","","0,04%"
"09.06.2023","5.690,94","5.672,71","5.694,74","5.666,10","","0,32%"
"08.06.2023","5.672,68","5.679,29","5.696,43","5.661,94","","-0,12%"
"07.06.2023","5.679,29","5.714,32","5.735,43","5.679,28","","-0,61%"
"06.06.2023","5.714,32","5.654,45","5.714,70","5.649,88","","1,06%"
"05.06.2023","5.654,45","5.653,81","5.668,44","5.618,56","","0,01%"
"02.06.2023","5.653,81","5.520,74","5.656,09","5.520,74","","2,41%"
"01.06.2023","5.520,74","5.471,54","5.528,46","5.471,05","","0,90%"
"31.05.2023","5.471,54","5.592,85","5.593,96","5.471,54","","-2,17%"
"30.05.2023","5.592,85","5.598,83","5.634,94","5.592,85","","-0,11%"
"29.05.2023","5.598,83","5.609,45","5.643,38","5.598,41","","-0,19%"
"26.05.2023","5.609,45","5.620,21","5.646,70","5.604,26","","-0,19%"
"25.05.2023","5.620,21","5.643,30","5.674,57","5.620,21","","-0,41%"
"24.05.2023","5.643,30","5.685,30","5.685,30","5.587,64","","-0,74%"
"23.05.2023","5.685,30","5.691,50","5.751,74","5.685,30","","-0,11%"
"22.05.2023","5.691,50","5.653,60","5.771,40","5.653,60","","0,67%"
"19.05.2023","5.653,60","5.640,66","5.655,47","5.608,31","","0,23%"
"18.05.2023","5.640,66","5.605,36","5.644,08","5.585,75","","0,63%"
"17.05.2023","5.605,36","5.619,06","5.620,14","5.587,20","","-0,24%"
"16.05.2023","5.619,06","5.598,21","5.630,75","5.592,43","","0,37%"
"15.05.2023","5.598,21","5.596,49","5.633,18","5.596,49","","0,03%"
"12.05.2023","5.596,49","5.600,00","5.610,96","5.583,33","","-0,06%"
"11.05.2023","5.600,00","5.569,61","5.621,38","5.569,61","","0,55%"
"10.05.2023","5.569,61","5.550,89","5.571,76","5.539,52","","0,34%"
"09.05.2023","5.550,89","5.608,49","5.613,72","5.546,82","","-1,03%"
"08.05.2023","5.608,49","5.480,42","5.631,90","5.480,42","","2,34%"
"05.05.2023","5.480,42","5.376,42","5.481,94","5.376,42","","1,93%"
"04.05.2023","5.376,42","5.372,58","5.383,36","5.332,75","","0,07%"
"03.05.2023","5.372,58","5.369,34","5.394,38","5.350,32","","0,06%"
"02.05.2023","5.369,34","5.416,09","5.416,09","5.316,50","","-0,84%"
"28.04.2023","5.414,68","5.410,22","5.428,47","5.393,07","","0,08%"
"27.04.2023","5.410,22","5.325,59","5.411,13","5.319,21","","1,59%"
"26.04.2023","5.325,59","5.299,58","5.328,80","5.282,24","","0,49%"
"25.04.2023","5.299,58","5.296,78","5.318,12","5.270,82","","0,05%"
"24.04.2023","5.296,78","5.226,93","5.310,98","5.226,93","","1,34%"
"21.04.2023","5.226,93","5.397,59","5.424,18","5.146,91","","-3,16%"
"20.04.2023","5.397,59","5.423,49","5.433,61","5.387,08","","-0,48%"
"19.04.2023","5.423,49","5.474,62","5.474,62","5.419,07","","-0,93%"
"18.04.2023","5.474,62","5.469,94","5.492,36","5.458,96","","0,09%"
"17.04.2023","5.469,94","5.417,18","5.474,76","5.417,18","","0,97%"
"14.04.2023","5.417,18","5.365,12","5.423,43","5.365,12","","1,43%"
"13.04.2023","5.341,03","5.353,09","5.357,60","5.334,51","","-0,23%"
"12.04.2023","5.353,09","5.306,88","5.363,56","5.306,88","","0,87%"
"11.04.2023","5.306,88","5.281,48","5.313,40","5.281,48","","0,48%"
"10.04.2023","5.281,48","5.274,20","5.310,40","5.261,27","","0,14%"
"06.04.2023","5.274,20","5.236,22","5.276,86","5.226,49","","0,73%"
"05.04.2023","5.236,22","5.228,00","5.238,63","5.199,35","","0,16%"
"04.04.2023","5.228,00","5.309,00","5.309,78","5.226,09","","-1,53%"
"03.04.2023","5.309,00","5.324,62","5.339,99","5.295,71","","-0,29%"
"31.03.2023","5.324,62","5.309,20","5.345,25","5.301,90","","0,29%"
"30.03.2023","5.309,20","5.313,76","5.333,81","5.298,84","","-0,09%"
"29.03.2023","5.313,76","5.244,75","5.313,76","5.244,75","","1,32%"
"28.03.2023","5.244,75","5.258,08","5.289,84","5.244,64","","-0,25%"
"27.03.2023","5.258,08","5.248,86","5.286,81","5.248,86","","0,18%"
"24.03.2023","5.248,86","5.275,37","5.275,37","5.217,08","","-0,50%"
"23.03.2023","5.275,37","5.271,18","5.313,98","5.261,93","","0,08%"
"22.03.2023","5.271,18","5.299,17","5.324,37","5.265,36","","-0,53%"
"21.03.2023","5.299,17","5.170,09","5.302,18","5.170,09","","2,50%"
"20.03.2023","5.170,09","5.112,03","5.191,66","5.096,85","","1,14%"
"17.03.2023","5.112,03","5.198,35","5.225,28","5.112,03","","-1,64%"
"16.03.2023","5.197,37","5.196,61","5.227,27","5.145,53","","0,01%"
"15.03.2023","5.196,61","5.298,78","5.298,78","5.182,75","","-1,93%"
"14.03.2023","5.298,78","5.337,04","5.360,50","5.288,67","","-0,72%"
"13.03.2023","5.337,04","5.393,72","5.393,72","5.308,73","","-1,05%"
"10.03.2023","5.393,72","5.410,59","5.424,46","5.366,42","","-0,31%"
"09.03.2023","5.410,59","5.416,39","5.459,91","5.409,47","","-0,11%"
"08.03.2023","5.416,39","5.403,44","5.421,80","5.391,36","","0,24%"
"07.03.2023","5.403,44","5.427,52","5.432,97","5.359,73","","-0,44%"
"06.03.2023","5.427,52","5.439,46","5.449,87","5.413,68","","-0,22%"
"03.03.2023","5.439,46","5.407,24","5.477,74","5.407,24","","0,60%"
"02.03.2023","5.407,24","5.375,37","5.407,54","5.327,83","","0,59%"
"01.03.2023","5.375,37","5.394,90","5.413,37","5.357,90","","-0,36%"
"28.02.2023","5.394,90","5.357,10","5.396,39","5.355,43","","0,71%"
"27.02.2023","5.357,10","5.331,57","5.379,87","5.328,86","","0,48%"
"24.02.2023","5.331,57","5.312,79","5.337,71","5.304,12","","0,35%"
"23.02.2023","5.312,79","5.258,46","5.330,71","5.258,46","","1,03%"
"22.02.2023","5.258,46","5.261,37","5.297,81","5.248,68","","-0,06%"
"21.02.2023","5.261,37","5.330,76","5.347,59","5.260,39","","-1,30%"
"20.02.2023","5.330,76","5.328,96","5.356,56","5.325,29","","0,03%"
"17.02.2023","5.328,96","5.451,45","5.451,45","5.325,81","","-2,25%"
"16.02.2023","5.451,45","5.404,30","5.451,45","5.396,33","","0,87%"
"15.02.2023","5.404,30","5.332,43","5.404,92","5.329,07","","1,35%"
"14.02.2023","5.332,43","5.366,18","5.382,68","5.332,43","","-0,63%"
"13.02.2023","5.366,18","5.392,45","5.406,39","5.352,62","","-0,49%"
"10.02.2023","5.392,45","5.356,92","5.392,45","5.337,79","","0,66%"
"09.02.2023","5.356,92","5.328,83","5.375,31","5.328,83","","0,53%"
"08.02.2023","5.328,83","5.271,27","5.328,83","5.271,27","","1,09%"
"07.02.2023","5.271,27","5.285,62","5.300,67","5.264,83","","-0,27%"
"06.02.2023","5.285,62","5.314,29","5.327,42","5.279,25","","-0,54%"
"03.02.2023","5.314,29","5.313,52","5.341,43","5.282,15","","0,01%"
"02.02.2023","5.313,52","5.308,17","5.339,53","5.302,66","","0,10%"
"01.02.2023","5.308,17","5.322,39","5.343,64","5.302,17","","-0,27%"
"31.01.2023","5.322,39","5.337,95","5.346,92","5.316,53","","-0,29%"
"30.01.2023","5.337,95","5.351,34","5.369,35","5.322,71","","-0,25%"
"27.01.2023","5.351,34","5.333,69","5.358,02","5.328,59","","0,33%"
"26.01.2023","5.333,69","5.258,96","5.334,03","5.258,96","","1,43%"
"25.01.2023","5.258,36","5.256,63","5.265,77","5.243,97","","0,03%"
"24.01.2023","5.256,63","5.311,84","5.315,09","5.256,53","","-1,04%"
"23.01.2023","5.311,84","5.235,97","5.326,56","5.235,97","","1,45%"
"20.01.2023","5.235,97","5.207,83","5.260,21","5.207,83","","0,54%"
"19.01.2023","5.207,83","5.229,55","5.229,55","5.180,25","","-0,42%"
"18.01.2023","5.229,55","5.176,10","5.230,46","5.155,63","","1,03%"
"17.01.2023","5.176,10","5.156,11","5.178,84","5.148,59","","0,39%"
"16.01.2023","5.156,11","5.156,65","5.163,64","5.121,53","","-0,01%"
"13.01.2023","5.156,65","5.201,83","5.207,27","5.146,65","","-0,87%"
"12.01.2023","5.201,83","5.180,43","5.219,44","5.165,00","","0,41%"
"11.01.2023","5.180,43","5.144,37","5.204,56","5.131,77","","0,70%"
"10.01.2023","5.144,37","5.159,91","5.166,02","5.105,41","","-0,30%"
"09.01.2023","5.159,91","5.136,69","5.169,76","5.128,86","","0,45%"
"06.01.2023","5.136,69","5.124,20","5.140,56","5.104,43","","0,24%"
"05.01.2023","5.124,20","5.091,47","5.124,20","5.071,69","","0,64%"
"04.01.2023","5.091,47","5.136,53","5.148,18","5.073,25","","-0,88%"
"03.01.2023","5.136,53","5.261,91","5.268,26","5.132,92","","-2,39%"
"30.12.2022","5.262,43","5.249,37","5.262,84","5.222,65","","0,25%"
"29.12.2022","5.249,37","5.215,42","5.249,37","5.214,82","","0,65%"
"28.12.2022","5.215,42","5.197,25","5.228,34","5.173,56","","0,35%"
"27.12.2022","5.197,25","5.222,44","5.241,24","5.194,67","","-0,48%"
"26.12.2022","5.222,44","5.256,91","5.266,29","5.211,60","","-0,63%"
"23.12.2022","5.255,38","5.222,23","5.264,69","5.222,23","","0,63%"
"22.12.2022","5.222,23","5.269,70","5.274,16","5.200,40","","-0,90%"
"21.12.2022","5.269,70","5.287,93","5.327,04","5.256,79","","-0,34%"
"20.12.2022","5.287,93","5.206,95","5.312,16","5.187,50","","1,56%"
"19.12.2022","5.206,95","5.161,25","5.206,95","5.155,45","","0,89%"
"16.12.2022","5.161,25","5.132,77","5.161,25","5.108,87","","0,55%"
"15.12.2022","5.132,77","5.206,46","5.206,46","5.122,89","","-1,42%"
"14.12.2022","5.206,46","5.226,76","5.228,60","5.190,82","","-0,39%"
"13.12.2022","5.226,76","5.257,07","5.291,32","5.226,76","","-0,58%"
"12.12.2022","5.257,07","5.192,68","5.260,03","5.183,66","","1,24%"
"09.12.2022","5.192,68","5.202,85","5.214,75","5.156,05","","-0,20%"
"07.12.2022","5.202,85","5.239,16","5.247,47","5.194,77","","-0,69%"
"06.12.2022","5.239,16","5.274,19","5.292,48","5.214,38","","-0,66%"
"05.12.2022","5.274,19","5.290,76","5.301,01","5.267,01","","-0,31%"
"02.12.2022","5.290,76","5.274,68","5.310,15","5.233,06","","0,30%"
"01.12.2022","5.274,68","5.282,61","5.291,94","5.249,29","","-0,15%"
"30.11.2022","5.282,61","5.244,86","5.282,61","5.211,41","","0,72%"
"29.11.2022","5.244,86","5.207,64","5.249,43","5.198,00","","0,71%"
"28.11.2022","5.207,64","5.249,57","5.255,04","5.199,45","","-0,80%"
"25.11.2022","5.249,57","5.273,72","5.273,72","5.221,59","","-0,46%"
"24.11.2022","5.273,72","5.260,91","5.303,59","5.260,91","","0,24%"
"23.11.2022","5.260,91","5.294,78","5.303,69","5.257,51","","-0,64%"
"22.11.2022","5.294,78","5.312,69","5.327,99","5.252,95","","-0,34%"
"21.11.2022","5.312,69","5.196,92","5.328,24","5.196,92","","2,23%"
"18.11.2022","5.196,92","5.172,31","5.201,06","5.148,92","","0,48%"
"17.11.2022","5.172,31","5.230,45","5.263,67","5.168,80","","-1,11%"
"16.11.2022","5.230,45","5.239,13","5.252,30","5.200,85","","-0,17%"
"15.11.2022","5.239,13","5.302,44","5.302,44","5.218,71","","-1,19%"
"14.11.2022","5.302,44","5.350,79","5.378,52","5.281,41","","-0,90%"
"11.11.2022","5.350,79","5.339,54","5.368,82","5.334,72","","0,21%"
"10.11.2022","5.339,54","5.350,36","5.421,27","5.311,11","","-0,20%"
"09.11.2022","5.350,36","5.406,12","5.406,12","5.315,98","","-1,03%"
"08.11.2022","5.406,12","5.289,55","5.406,12","5.289,55","","2,20%"
"07.11.2022","5.289,55","5.220,04","5.290,16","5.212,16","","1,33%"
"04.11.2022","5.220,04","5.180,30","5.223,90","5.180,30","","0,77%"
"03.11.2022","5.180,30","5.194,66","5.199,53","5.114,99","","-0,28%"
"02.11.2022","5.194,66","5.193,81","5.219,66","5.171,52","","0,02%"
"28.10.2022","5.193,81","5.187,41","5.196,99","5.120,17","","0,12%"
"27.10.2022","5.187,41","5.151,34","5.196,62","5.142,35","","0,70%"
"26.10.2022","5.151,34","5.164,31","5.164,67","5.117,02","","-0,25%"
"25.10.2022","5.164,31","5.108,17","5.164,31","5.094,97","","1,10%"
"24.10.2022","5.108,17","5.147,37","5.182,32","5.101,63","","-0,76%"
"21.10.2022","5.147,37","5.139,35","5.153,26","5.082,43","","0,16%"
"20.10.2022","5.139,35","5.087,69","5.139,63","5.069,78","","1,02%"
"19.10.2022","5.087,69","5.122,85","5.127,82","5.075,20","","-0,69%"
"18.10.2022","5.122,85","5.103,06","5.170,97","5.081,46","","0,39%"
"17.10.2022","5.103,06","4.972,39","5.106,17","4.972,39","","2,63%"
"14.10.2022","4.972,39","4.961,09","5.028,88","4.961,09","","0,23%"
"13.10.2022","4.961,09","4.936,57","4.984,46","4.870,68","","0,50%"
"12.10.2022","4.936,57","4.988,80","5.011,21","4.905,19","","-1,05%"
"11.10.2022","4.988,80","5.079,68","5.089,19","4.961,49","","-1,79%"
"07.10.2022","5.079,68","5.183,55","5.184,76","5.079,45","","-2,00%"
"06.10.2022","5.183,55","5.192,25","5.210,54","5.168,00","","-0,17%"
"05.10.2022","5.192,25","5.248,87","5.248,87","5.172,81","","-1,08%"
"04.10.2022","5.248,87","5.143,23","5.268,76","5.143,23","","2,05%"
"03.10.2022","5.143,23","5.114,19","5.153,41","5.108,91","","0,57%"
"30.09.2022","5.114,19","5.035,38","5.157,70","5.035,38","","1,57%"
"29.09.2022","5.035,38","5.100,24","5.109,40","5.024,98","","-1,27%"
"28.09.2022","5.100,24","5.180,64","5.191,90","5.099,70","","-1,55%"
"27.09.2022","5.180,64","5.178,75","5.222,29","5.140,17","","0,04%"
"26.09.2022","5.178,75","5.207,22","5.249,16","5.176,10","","-0,55%"
"23.09.2022","5.207,22","5.303,06","5.303,06","5.207,09","","-1,81%"
"22.09.2022","5.303,06","5.369,33","5.370,19","5.294,71","","-1,23%"
"21.09.2022","5.369,33","5.340,97","5.401,64","5.334,24","","0,54%"
"20.09.2022","5.340,29","5.522,92","5.549,84","5.340,29","","-3,31%"
"15.09.2022","5.522,92","5.609,33","5.632,79","5.498,72","","-1,54%"
"14.09.2022","5.609,33","5.580,67","5.660,64","5.567,96","","0,51%"
"13.09.2022","5.580,67","5.596,26","5.629,68","5.527,69","","-0,28%"
"12.09.2022","5.596,26","5.612,07","5.647,99","5.578,31","","-0,28%"
"09.09.2022","5.612,03","5.516,80","5.616,99","5.516,80","","1,75%"
"08.09.2022","5.515,58","5.540,82","5.584,67","5.515,58","","-0,45%"
"07.09.2022","5.540,62","5.608,08","5.608,08","5.514,90","","-1,20%"
"06.09.2022","5.607,74","5.779,25","5.842,38","5.587,53","","-2,90%"
"05.09.2022","5.775,25","5.653,20","6.013,31","5.653,20","","2,16%"
"02.09.2022","5.653,20","5.408,05","5.708,68","5.227,82","","4,53%"
"01.09.2022","5.408,05","5.441,26","5.455,21","5.380,19","","-0,61%"
"31.08.2022","5.441,26","5.536,39","5.549,94","5.440,79","","-1,72%"
"30.08.2022","5.536,39","5.517,11","5.545,71","5.479,61","","0,35%"
"29.08.2022","5.517,11","5.461,80","5.517,32","5.421,80","","1,01%"
"26.08.2022","5.461,80","5.460,61","5.479,18","5.440,73","","0,02%"
"25.08.2022","5.460,61","5.418,17","5.465,83","5.417,39","","0,78%"
"24.08.2022","5.418,17","5.377,52","5.426,42","5.375,00","","0,76%"
"23.08.2022","5.377,52","5.340,49","5.388,47","5.335,79","","0,69%"
"22.08.2022","5.340,49","5.292,84","5.354,79","5.257,92","","0,90%"
"19.08.2022","5.292,84","5.345,53","5.353,89","5.265,31","","-0,99%"
"18.08.2022","5.345,53","5.405,31","5.405,31","5.322,12","","-1,11%"
"17.08.2022","5.405,31","5.386,81","5.416,74","5.353,37","","0,34%"
"16.08.2022","5.386,81","5.394,91","5.445,34","5.339,35","","-0,15%"
"12.08.2022","5.394,91","5.325,90","5.406,32","5.322,97","","1,30%"
"11.08.2022","5.325,90","5.272,93","5.325,90","5.260,33","","1,00%"
"10.08.2022","5.272,93","5.236,34","5.286,93","5.236,34","","0,70%"
"09.08.2022","5.236,34","5.260,34","5.260,34","5.215,81","","-0,46%"
"08.08.2022","5.260,34","5.212,40","5.271,33","5.212,40","","0,92%"
"05.08.2022","5.212,40","5.174,64","5.212,40","5.131,05","","0,73%"
"04.08.2022","5.174,64","5.206,05","5.222,06","5.154,00","","-0,60%"
"03.08.2022","5.206,05","5.248,53","5.269,32","5.181,83","","-0,81%"
"02.08.2022","5.248,53","5.258,39","5.261,32","5.219,63","","-0,19%"
"01.08.2022","5.258,39","5.259,05","5.272,84","5.229,79","","-0,01%"
"29.07.2022","5.259,05","5.259,39","5.287,30","5.243,19","","-0,01%"
"28.07.2022","5.259,39","5.251,32","5.286,88","5.242,09","","0,15%"
"27.07.2022","5.251,32","5.200,13","5.251,39","5.189,10","","0,98%"
"26.07.2022","5.200,13","5.236,33","5.238,16","5.183,07","","-0,69%"
"25.07.2022","5.236,33","5.220,33","5.237,57","5.186,73","","0,31%"
"22.07.2022","5.220,33","5.204,45","5.237,57","5.189,38","","0,31%"
"21.07.2022","5.204,45","5.147,00","5.205,13","5.121,90","","1,12%"
"20.07.2022","5.147,00","5.160,19","5.172,07","5.112,96","","-0,26%"
"19.07.2022","5.160,19","5.081,74","5.160,19","5.069,56","","1,54%"
"18.07.2022","5.081,74","5.091,73","5.140,46","5.071,34","","-0,20%"
"15.07.2022","5.091,73","5.136,05","5.137,91","5.057,68","","-0,86%"
"14.07.2022","5.136,05","5.117,81","5.136,05","5.053,80","","0,36%"
"13.07.2022","5.117,81","5.074,26","5.132,99","5.046,32","","0,86%"
"12.07.2022","5.074,26","5.058,45","5.078,93","5.017,52","","0,31%"
"11.07.2022","5.058,45","5.112,78","5.125,83","5.058,45","","-1,06%"
"08.07.2022","5.112,78","5.101,42","5.118,55","5.074,10","","0,22%"
"07.07.2022","5.101,42","5.006,95","5.105,43","5.006,95","","1,89%"
"06.07.2022","5.006,95","5.003,81","5.043,90","4.979,53","","0,06%"
"05.07.2022","5.003,81","4.989,07","5.008,45","4.935,71","","0,30%"
"04.07.2022","4.989,07","4.993,37","5.001,66","4.968,86","","-0,09%"
"01.07.2022","4.993,37","4.950,39","5.007,01","4.950,39","","0,87%"
"30.06.2022","4.950,39","5.009,63","5.011,64","4.950,39","","-1,18%"
"29.06.2022","5.009,63","5.004,48","5.019,62","4.978,02","","0,10%"
"28.06.2022","5.004,48","4.983,66","5.083,12","4.937,76","","0,42%"
"24.06.2022","4.983,66","4.934,81","5.017,97","4.934,81","","0,99%"
"23.06.2022","4.934,81","5.056,37","5.095,51","4.924,04","","-2,40%"
"22.06.2022","5.056,37","5.084,37","5.102,37","5.056,37","","-0,55%"
"20.06.2022","5.084,37","5.067,06","5.098,48","5.051,96","","0,34%"
"17.06.2022","5.067,06","5.029,48","5.107,83","4.998,08","","0,75%"
"16.06.2022","5.029,48","5.139,41","5.139,41","4.991,55","","-2,14%"
"15.06.2022","5.139,41","5.121,40","5.152,48","5.103,65","","0,35%"
"14.06.2022","5.121,40","5.131,30","5.165,80","5.114,27","","-0,19%"
"13.06.2022","5.131,30","5.237,85","5.237,85","5.098,85","","-2,03%"
"10.06.2022","5.237,85","5.184,27","5.238,71","5.136,49","","1,03%"
"09.06.2022","5.184,27","5.277,00","5.279,33","5.184,27","","-1,76%"
"08.06.2022","5.277,00","5.358,95","5.358,95","5.262,44","","-1,53%"
"07.06.2022","5.358,95","5.332,59","5.367,98","5.313,67","","0,49%"
"06.06.2022","5.332,59","5.352,44","5.393,33","5.317,70","","-0,37%"
"03.06.2022","5.352,44","5.353,13","5.357,31","5.318,48","","-0,01%"
"02.06.2022","5.353,13","5.299,11","5.366,81","5.275,70","","1,02%"
"01.06.2022","5.299,11","5.350,48","5.352,79","5.230,87","","-0,96%"
"31.05.2022","5.350,48","5.385,70","5.388,87","5.262,91","","-0,65%"
"30.05.2022","5.385,70","5.387,06","5.432,56","5.377,25","","-0,03%"
"27.05.2022","5.387,06","5.268,96","5.388,10","5.266,93","","2,24%"
"26.05.2022","5.268,96","5.191,05","5.279,52","5.191,05","","1,50%"
"25.05.2022","5.191,05","5.142,75","5.192,98","5.142,75","","0,94%"
"24.05.2022","5.142,75","5.127,52","5.157,59","5.096,91","","0,30%"
"23.05.2022","5.127,52","4.982,95","5.132,38","4.982,95","","2,90%"
"20.05.2022","4.982,95","4.982,10","5.039,65","4.931,51","","0,02%"
"19.05.2022","4.982,10","4.964,76","5.015,36","4.962,54","","0,35%"
"18.05.2022","4.964,76","5.023,24","5.059,23","4.964,35","","-1,16%"
"17.05.2022","5.023,24","4.868,58","5.023,36","4.868,58","","3,18%"
"16.05.2022","4.868,58","4.850,44","4.927,29","4.850,44","","0,37%"
"13.05.2022","4.850,44","4.713,77","4.875,46","4.713,77","","2,90%"
"12.05.2022","4.713,77","4.676,93","4.745,05","4.650,47","","0,79%"
"11.05.2022","4.676,93","4.697,16","4.755,85","4.676,39","","-0,43%"
"10.05.2022","4.697,16","4.744,18","4.792,61","4.673,96","","-0,99%"
"09.05.2022","4.744,18","4.838,54","4.850,41","4.744,03","","-1,95%"
"06.05.2022","4.838,54","4.853,79","4.861,03","4.808,68","","-0,31%"
"05.05.2022","4.853,79","4.887,57","4.928,83","4.852,05","","-0,69%"
"04.05.2022","4.887,57","4.785,63","4.899,39","4.785,63","","2,13%"
"03.05.2022","4.785,63","4.759,90","4.790,37","4.739,38","","0,54%"
"02.05.2022","4.759,90","4.778,43","4.796,54","4.709,44","","-0,39%"
"29.04.2022","4.778,43","4.792,66","4.844,77","4.778,41","","-0,30%"
"28.04.2022","4.792,66","4.775,36","4.818,16","4.748,27","","0,36%"
"27.04.2022","4.775,36","4.701,47","4.789,06","4.701,47","","1,57%"
"26.04.2022","4.701,47","4.759,15","4.786,71","4.701,47","","-1,21%"
"25.04.2022","4.759,15","4.867,88","4.908,59","4.737,49","","-2,23%"
"22.04.2022","4.867,88","4.911,90","4.916,64","4.867,88","","-0,90%"
"21.04.2022","4.911,90","4.974,76","4.989,31","4.872,76","","-1,26%"
"20.04.2022","4.974,76","4.911,77","4.974,76","4.904,38","","1,28%"
"19.04.2022","4.911,77","4.867,64","4.938,85","4.867,64","","0,91%"
"18.04.2022","4.867,64","4.917,30","4.933,09","4.865,75","","-1,01%"
"14.04.2022","4.917,30","4.921,46","4.942,94","4.915,03","","-0,08%"
"13.04.2022","4.921,46","4.909,04","4.950,67","4.908,69","","0,25%"
"12.04.2022","4.909,04","4.918,79","4.939,85","4.862,63","","-0,20%"
"11.04.2022","4.918,79","4.969,25","4.969,25","4.869,48","","-1,02%"
"08.04.2022","4.969,25","4.965,32","4.997,07","4.947,58","","0,08%"
"07.04.2022","4.965,32","4.971,94","4.989,78","4.945,47","","-0,13%"
"06.04.2022","4.971,94","4.929,10","4.971,94","4.891,22","","0,87%"
"05.04.2022","4.929,10","4.992,29","4.993,95","4.921,75","","-1,27%"
"04.04.2022","4.992,29","4.978,49","5.011,08","4.953,64","","0,28%"
"01.04.2022","4.978,49","4.936,97","4.995,31","4.936,73","","0,84%"
"31.03.2022","4.936,97","4.894,98","4.941,51","4.874,70","","0,86%"
"30.03.2022","4.894,98","4.914,73","4.925,45","4.871,07","","-0,40%"
"29.03.2022","4.914,73","4.938,80","4.938,80","4.889,03","","-0,49%"
"28.03.2022","4.938,80","4.965,11","5.009,37","4.917,77","","-0,53%"
"25.03.2022","4.965,11","4.954,51","4.979,07","4.927,48","","0,21%"
"24.03.2022","4.954,51","4.841,46","4.954,51","4.840,36","","2,34%"
"23.03.2022","4.841,46","4.888,18","4.899,24","4.819,04","","-0,96%"
"22.03.2022","4.888,18","4.994,67","4.995,63","4.883,79","","-2,13%"
"21.03.2022","4.994,67","4.854,44","4.996,46","4.775,40","","2,89%"
"18.03.2022","4.854,44","4.789,88","4.860,13","4.789,88","","1,35%"
"17.03.2022","4.789,88","4.695,41","4.841,54","4.695,41","","2,01%"
"16.03.2022","4.695,41","4.623,04","4.715,68","4.623,04","","1,57%"
"15.03.2022","4.623,04","4.588,49","4.637,74","4.581,59","","0,75%"
"14.03.2022","4.588,49","4.633,35","4.645,68","4.587,52","","-0,97%"
"11.03.2022","4.633,35","4.608,97","4.677,68","4.608,97","","0,53%"
"10.03.2022","4.608,97","4.656,03","4.687,71","4.564,15","","-1,01%"
"09.03.2022","4.656,03","4.578,68","4.661,75","4.578,68","","1,69%"
"08.03.2022","4.578,68","4.618,07","4.624,04","4.549,33","","-0,85%"
"07.03.2022","4.618,07","4.641,45","4.692,99","4.559,95","","-0,50%"
"04.03.2022","4.641,45","4.571,80","4.641,75","4.566,32","","1,52%"
"03.03.2022","4.571,80","4.487,37","4.581,30","4.487,37","","1,88%"
"02.03.2022","4.487,37","4.435,17","4.509,91","4.435,17","","1,18%"
"01.03.2022","4.435,17","4.534,47","4.537,37","4.434,31","","-2,19%"
"28.02.2022","4.534,47","4.465,51","4.534,47","4.453,46","","1,54%"
"25.02.2022","4.465,51","4.399,60","4.483,85","4.399,60","","1,50%"
"24.02.2022","4.399,60","4.375,69","4.399,60","4.223,36","","0,55%"
"23.02.2022","4.375,69","4.472,86","4.503,93","4.374,59","","-2,17%"
"22.02.2022","4.472,86","4.525,80","4.525,99","4.432,48","","-1,17%"
"21.02.2022","4.525,80","4.549,07","4.559,23","4.479,91","","-0,51%"
"18.02.2022","4.549,07","4.549,08","4.571,22","4.534,35","","0,00%"
"17.02.2022","4.549,08","4.653,04","4.653,04","4.542,87","","-2,23%"
"16.02.2022","4.653,04","4.643,69","4.667,95","4.614,73","","0,20%"
"15.02.2022","4.643,69","4.604,62","4.664,59","4.604,62","","0,85%"
"14.02.2022","4.604,62","4.652,21","4.652,21","4.589,16","","-1,02%"
"11.02.2022","4.652,21","4.641,53","4.686,62","4.615,99","","0,23%"
"10.02.2022","4.641,53","4.605,08","4.642,57","4.592,28","","0,79%"
"09.02.2022","4.605,08","4.582,62","4.618,78","4.582,35","","0,49%"
"08.02.2022","4.582,62","4.474,10","4.592,57","4.468,91","","2,43%"
"07.02.2022","4.474,10","4.425,52","4.481,10","4.425,52","","1,10%"
"04.02.2022","4.425,52","4.454,97","4.513,76","4.422,41","","-0,66%"
"03.02.2022","4.454,97","4.555,38","4.555,38","4.454,97","","-2,20%"
"02.02.2022","4.555,38","4.598,72","4.620,05","4.555,38","","-0,94%"
"01.02.2022","4.598,72","4.548,45","4.617,29","4.547,33","","1,11%"
"31.01.2022","4.548,45","4.542,86","4.597,58","4.542,86","","0,12%"
"28.01.2022","4.542,86","4.562,74","4.595,92","4.542,86","","-0,44%"
"27.01.2022","4.562,74","4.552,33","4.574,85","4.530,88","","0,23%"
"26.01.2022","4.552,33","4.529,30","4.594,83","4.527,18","","0,51%"
"25.01.2022","4.529,30","4.503,17","4.546,74","4.487,03","","0,58%"
"24.01.2022","4.503,17","4.644,86","4.649,04","4.462,07","","-3,05%"
"21.01.2022","4.644,86","4.486,72","4.671,55","4.486,72","","3,52%"
"20.01.2022","4.486,72","4.470,71","4.505,07","4.465,71","","0,36%"
"19.01.2022","4.470,71","4.500,80","4.538,39","4.469,40","","-0,67%"
"18.01.2022","4.500,80","4.473,27","4.505,89","4.451,48","","0,62%"
"17.01.2022","4.473,27","4.486,57","4.490,88","4.458,47","","-0,30%"
"14.01.2022","4.486,57","4.512,43","4.517,80","4.459,25","","-0,57%"
"13.01.2022","4.512,43","4.507,82","4.554,31","4.484,80","","0,10%"
"12.01.2022","4.507,82","4.394,91","4.507,82","4.394,91","","2,57%"
"11.01.2022","4.394,91","4.298,24","4.394,91","4.298,24","","2,25%"
"10.01.2022","4.298,24","4.296,35","4.301,99","4.272,15","","0,04%"
"07.01.2022","4.296,35","4.348,44","4.361,16","4.275,59","","-1,20%"
"06.01.2022","4.348,44","4.317,60","4.351,94","4.287,88","","0,71%"
"05.01.2022","4.317,60","4.294,64","4.318,75","4.282,62","","0,53%"
"04.01.2022","4.294,64","4.301,32","4.332,71","4.247,58","","-0,16%"
"03.01.2022","4.301,32","4.308,38","4.353,46","4.294,89","","0,03%"